playlist_name,playlist_id,playlist_uri,owner,tracks_count
Classic Honky Tonk,0NfjMqrzcGKVsbYZmhf4Md,spotify:playlist:0NfjMqrzcGKVsbYZmhf4Md,Spotify,50
Nicholas Sparks | Songs from the Soundtracks,1scnlLVq91NGtsA9sh0hfw,spotify:playlist:1scnlLVq91NGtsA9sh0hfw,Spotify,53
1960s Nostalgia,2NFOUmp2wyR5CrXtKDkUkB,spotify:playlist:2NFOUmp2wyR5CrXtKDkUkB,Spotify,67
Breakup Blues,1o2bTwofazfzElA5mXGf2t,spotify:playlist:1o2bTwofazfzElA5mXGf2t,Spotify,44
I Hate My Job.,6cdV0hVW2suJaMOxzwE46S,spotify:playlist:6cdV0hVW2suJaMOxzwE46S,Spotify,38
Instrumental Rock,2uhsnHgI4F2eFyvoMHY0GR,spotify:playlist:2uhsnHgI4F2eFyvoMHY0GR,Spotify,42
Avant Folk,2uVP1agvV5rba3MqLQ0pzy,spotify:playlist:2uVP1agvV5rba3MqLQ0pzy,Spotify,45
The Perfect Crafternoon,0BbcjurkvWrkWxKKLzcqIP,spotify:playlist:0BbcjurkvWrkWxKKLzcqIP,Spotify,70
Power Ballads,44XJR1i3Vl2B3acOEYwinE,spotify:playlist:44XJR1i3Vl2B3acOEYwinE,Spotify,79
Energy + Positivity,2YeGkAUQhmO8TCjSMbFYWf,spotify:playlist:2YeGkAUQhmO8TCjSMbFYWf,Spotify,22
Namaste,0op6xwVK9pVhcxozSQPEsJ,spotify:playlist:0op6xwVK9pVhcxozSQPEsJ,Spotify,93
Rustic Romance Wedding,2Ph68VcwRfqRdnrKhY3oPS,spotify:playlist:2Ph68VcwRfqRdnrKhY3oPS,Spotify,63
Word of Mouth,2VxQy0Q22k1gP542tzaMCN,spotify:playlist:2VxQy0Q22k1gP542tzaMCN,Spotify,58
Indie Strings,0sDO43KAaJUWIYassTKWYf,spotify:playlist:0sDO43KAaJUWIYassTKWYf,Spotify,39
Vinyasa Flow,2B64RN7KJte5x6iXgg02tv,spotify:playlist:2B64RN7KJte5x6iXgg02tv,Spotify,20
Acoustic Commute,3OUguxmuL5x24sMAw4qPku,spotify:playlist:3OUguxmuL5x24sMAw4qPku,Spotify,57
Summertime Vibes,5v2J2noHVxPWgSrOw6lZsp,spotify:playlist:5v2J2noHVxPWgSrOw6lZsp,Spotify,157
More Banjo!,1W2XJETQjFYdzT4GuhBHmS,spotify:playlist:1W2XJETQjFYdzT4GuhBHmS,Spotify,37
Chill as Folk,43rSnXFDoctqiZxvEqH14P,spotify:playlist:43rSnXFDoctqiZxvEqH14P,Spotify,56
The New Bohemian,1IKDP8o4UvpfLh0SJX2e1b,spotify:playlist:1IKDP8o4UvpfLh0SJX2e1b,Spotify,81
Sweetgrass,44Ht3IACEyKqiLBZupIhIk,spotify:playlist:44Ht3IACEyKqiLBZupIhIk,Spotify,29
Sweet Winter Songs,62Tpw0jhT8kxF3KPbGciTk,spotify:playlist:62Tpw0jhT8kxF3KPbGciTk,Spotify,104
Disco Beats,0pHFNRP8qkYhal0q0Irp6D,spotify:playlist:0pHFNRP8qkYhal0q0Irp6D,Spotify,53
Rock & Roots,7pD7pMFxcq8agMXqLQCggM,spotify:playlist:7pD7pMFxcq8agMXqLQCggM,Spotify,55
Interstate Drive Songs,0XDRWlx2B1C1OXlaLlld8t,spotify:playlist:0XDRWlx2B1C1OXlaLlld8t,Spotify,26
Low Key Revelry,67uEKAhAdvMJvumeC8ZgjB,spotify:playlist:67uEKAhAdvMJvumeC8ZgjB,Spotify,26
Best of 2016: Folk & Americana,0fmNiEOXSfBfurQwf4gG5L,spotify:playlist:0fmNiEOXSfBfurQwf4gG5L,Spotify,94
Best of 2016:  Hot Country,7g3zHOim2XylTlM7Oittr8,spotify:playlist:7g3zHOim2XylTlM7Oittr8,Spotify,50
Guest List: Orb,2O0Nf9Mi5tM17PM7Ns6Fgu,spotify:playlist:2O0Nf9Mi5tM17PM7Ns6Fgu,Spotify,38
Artists Den + Spotify,1HdxEroWca3L8JR3lvnolH,spotify:playlist:1HdxEroWca3L8JR3lvnolH,Spotify,16
Women in Music | Stories & Songs,1zriHsmiRJmTThtQk8UWPk,spotify:playlist:1zriHsmiRJmTThtQk8UWPk,Spotify,142
BRILLIANTMINDS2016,57clV3IPw1TXSWdzzDVDwp,spotify:playlist:57clV3IPw1TXSWdzzDVDwp,Spotify,18
Incoming,79sVcfxVNazjyK2iBY9l3q,spotify:playlist:79sVcfxVNazjyK2iBY9l3q,Spotify,17
AMY,3QAT1vJA7CAIHIRP9Gkyqj,spotify:playlist:3QAT1vJA7CAIHIRP9Gkyqj,Spotify,53
Follow Your Bliss,2wqwH7uKckoLe7UVTx1RfO,spotify:playlist:2wqwH7uKckoLe7UVTx1RfO,Spotify,78
Rest & Relaxation,1uIp2WHCf6ODHxHRPmjWG5,spotify:playlist:1uIp2WHCf6ODHxHRPmjWG5,Spotify,36
One Perfect Day,6jUFiT3D8f4Rt9n6UnC1aB,spotify:playlist:6jUFiT3D8f4Rt9n6UnC1aB,Spotify,79
Get Happy!,4Buj61XKuhfVLsW8rPX8YQ,spotify:playlist:4Buj61XKuhfVLsW8rPX8YQ,Spotify,105
Lazy Afternoon,6QAwHYtCdTdrgX6wh1iE9H,spotify:playlist:6QAwHYtCdTdrgX6wh1iE9H,Spotify,39
The Bridge,4qq3MCSLrDgYx7RfJBDvij,spotify:playlist:4qq3MCSLrDgYx7RfJBDvij,Spotify,28
Spring Garden,6YMK6nqc1jS11fGraCU1o2,spotify:playlist:6YMK6nqc1jS11fGraCU1o2,Spotify,21
Nightly Meditations,4MLFX9OXy9ncfBlTfei9Ok,spotify:playlist:4MLFX9OXy9ncfBlTfei9Ok,Spotify,34
(Descent) A Beginning,71WgbCkbVXGzAltJTAT6lD,spotify:playlist:71WgbCkbVXGzAltJTAT6lD,Spotify,23
Covered in Country,0jJQDST7bzwAYlN19tFLXw,spotify:playlist:0jJQDST7bzwAYlN19tFLXw,Spotify,21
Traffic Jams,0mY9BQvlpraYLzg9BfKuVa,spotify:playlist:0mY9BQvlpraYLzg9BfKuVa,Spotify,72
#JazzAppreciationMonth,2nb7lCySvvf7PNxHUD5oun,spotify:playlist:2nb7lCySvvf7PNxHUD5oun,Spotify,40
Motivation Montage,2f4rXblveCedKdU2adFgC8,spotify:playlist:2f4rXblveCedKdU2adFgC8,Spotify,46
Sugar & Spice,7MsOqrEv1TxiHPDiYlWVLx,spotify:playlist:7MsOqrEv1TxiHPDiYlWVLx,Spotify,24
Soul Soothers,3TymQFosH9UgfP5jV5mPEe,spotify:playlist:3TymQFosH9UgfP5jV5mPEe,Spotify,21
Winding Roads,1JuraqRjLX4CmhyvvuXiPF,spotify:playlist:1JuraqRjLX4CmhyvvuXiPF,Spotify,25
Carpool Karaoke,0NaXa68Xyo4wmMiun5Lqgm,spotify:playlist:0NaXa68Xyo4wmMiun5Lqgm,Spotify,0
Songbirds,5JXV7ioEqB9ZA1b1RjSLVg,spotify:playlist:5JXV7ioEqB9ZA1b1RjSLVg,Spotify,25
Into the Woods,3fqSEmStIKS8s3mCCRQFid,spotify:playlist:3fqSEmStIKS8s3mCCRQFid,Spotify,22
Bluegrass Byways,2EjRsHG8m4bGCrhCoJ1ykn,spotify:playlist:2EjRsHG8m4bGCrhCoJ1ykn,Spotify,19
The Scenic Route,6pn7MZpvAxlKPzspzMR6T6,spotify:playlist:6pn7MZpvAxlKPzspzMR6T6,Spotify,28
We Dem Girlz,3g2dsbLbtpOz0Gpo4W50QK,spotify:playlist:3g2dsbLbtpOz0Gpo4W50QK,Spotify,23
1960,2PE0DbAlT8ZFiiYaCsCm4Q,spotify:playlist:2PE0DbAlT8ZFiiYaCsCm4Q,Spotify,50
1961,7EhO7YjjFdrNRtTHcRrnnQ,spotify:playlist:7EhO7YjjFdrNRtTHcRrnnQ,Spotify,50
1962,7GSt7smvMMAiOFmPJ17jEf,spotify:playlist:7GSt7smvMMAiOFmPJ17jEf,Spotify,50
1963,6c1DPPuq4eNKcS2usgij9m,spotify:playlist:6c1DPPuq4eNKcS2usgij9m,Spotify,50
1964,2XFhZrcFAFFvBLjRQrw9wI,spotify:playlist:2XFhZrcFAFFvBLjRQrw9wI,Spotify,50
1965,48GGszBLm7kS5D1xJuMnxD,spotify:playlist:48GGszBLm7kS5D1xJuMnxD,Spotify,50
1966,41YL3HcXd3zTXa1rMZY5uR,spotify:playlist:41YL3HcXd3zTXa1rMZY5uR,Spotify,50
1967,3nT5EK7WTRbRZ5vtWg5irD,spotify:playlist:3nT5EK7WTRbRZ5vtWg5irD,Spotify,50
1968,0sbkEFgqbA3Jjot2lbqsyx,spotify:playlist:0sbkEFgqbA3Jjot2lbqsyx,Spotify,50
1969,1xZ87c95aRIeyvqVoKCtdM,spotify:playlist:1xZ87c95aRIeyvqVoKCtdM,Spotify,50
1970,09D0CKBRWkBBoPn46V6YTO,spotify:playlist:09D0CKBRWkBBoPn46V6YTO,Spotify,50
1971,5xAfItDaeAViBRNdSuQ7ZG,spotify:playlist:5xAfItDaeAViBRNdSuQ7ZG,Spotify,50
1972,1DcArrb34m9SS3o8O2dATX,spotify:playlist:1DcArrb34m9SS3o8O2dATX,Spotify,49
1973,5WUFWhGRVpi4ED9QpK2hOF,spotify:playlist:5WUFWhGRVpi4ED9QpK2hOF,Spotify,50
1974,78UTV8Gw5bHpyWc65qR4Px,spotify:playlist:78UTV8Gw5bHpyWc65qR4Px,Spotify,50
1975,67FrRIrS2v0WAs8yE2JTUM,spotify:playlist:67FrRIrS2v0WAs8yE2JTUM,Spotify,50
1976,3axv4DMbWHWf7uxOPB1I7K,spotify:playlist:3axv4DMbWHWf7uxOPB1I7K,Spotify,50
1977,2cIkPMesqdx5VV6IAvX9bE,spotify:playlist:2cIkPMesqdx5VV6IAvX9bE,Spotify,50
1978,05dTMGk8MjnpQg3bKuoXcc,spotify:playlist:05dTMGk8MjnpQg3bKuoXcc,Spotify,51
1979,2xtEcvpPTus59Ppa0fv3xP,spotify:playlist:2xtEcvpPTus59Ppa0fv3xP,Spotify,50
1980,4j0G7LOHRpKYDDXa8lxUik,spotify:playlist:4j0G7LOHRpKYDDXa8lxUik,Spotify,50
1981,5Co3nToduGTXXF1ra9gXB3,spotify:playlist:5Co3nToduGTXXF1ra9gXB3,Spotify,50
1982,722UH6DU3oigTYKBnfBZSy,spotify:playlist:722UH6DU3oigTYKBnfBZSy,Spotify,50
1983,2wHQqJDXcWgQ4GLdVCfb8G,spotify:playlist:2wHQqJDXcWgQ4GLdVCfb8G,Spotify,50
1984,0FXAO6yBxrfz5PTOEuvq67,spotify:playlist:0FXAO6yBxrfz5PTOEuvq67,Spotify,50
1985,5p5jgESe4r75R70Rzvqpcy,spotify:playlist:5p5jgESe4r75R70Rzvqpcy,Spotify,50
1986,3GM3OMvut5VuRht0dr8GJX,spotify:playlist:3GM3OMvut5VuRht0dr8GJX,Spotify,50
1987,6sKz6mI28U6Dcj7a8WpRnQ,spotify:playlist:6sKz6mI28U6Dcj7a8WpRnQ,Spotify,50
1989,1ASJaLRG6NhOpwc8vGYceZ,spotify:playlist:1ASJaLRG6NhOpwc8vGYceZ,Spotify,50
1990,0COE1X7FirWRdfOgls1JJV,spotify:playlist:0COE1X7FirWRdfOgls1JJV,Spotify,50
1991,6ATJMRUakF2bhZcPBYjnD5,spotify:playlist:6ATJMRUakF2bhZcPBYjnD5,Spotify,50
1992,62NfPhRvacdmSAsNghaRs5,spotify:playlist:62NfPhRvacdmSAsNghaRs5,Spotify,50
1993,33sPgLhtkMgQLWMgdHRQma,spotify:playlist:33sPgLhtkMgQLWMgdHRQma,Spotify,50
1994,27hnSuEcFg6wr5C5t3J5eL,spotify:playlist:27hnSuEcFg6wr5C5t3J5eL,Spotify,50
1996,1FDK3hDHMSyzjC1IpdIOU3,spotify:playlist:1FDK3hDHMSyzjC1IpdIOU3,Spotify,50
1997,4nftZhTZDARHbC2oX5l2Vw,spotify:playlist:4nftZhTZDARHbC2oX5l2Vw,Spotify,50
1999,1WkrD0MvdN3BcLa4DXBRCQ,spotify:playlist:1WkrD0MvdN3BcLa4DXBRCQ,Spotify,50
2000,0JvFNpF6sn3LeV5LXbbSxv,spotify:playlist:0JvFNpF6sn3LeV5LXbbSxv,Spotify,50
2001,5TUU1rXz87AipJYg92AXFg,spotify:playlist:5TUU1rXz87AipJYg92AXFg,Spotify,50
2002,665gwFk3RaSHbgiimtgok0,spotify:playlist:665gwFk3RaSHbgiimtgok0,Spotify,50
2003,2I7h7Mj5bGlqhI4PyupTPF,spotify:playlist:2I7h7Mj5bGlqhI4PyupTPF,Spotify,50
2004,1XbPuTCA2KsqAOn9PJploZ,spotify:playlist:1XbPuTCA2KsqAOn9PJploZ,Spotify,50
2006,1Gn0PYtF7VmfuZD0Gb91fN,spotify:playlist:1Gn0PYtF7VmfuZD0Gb91fN,Spotify,50
2007,0KIKHBXChX4m2MVm8qQk6N,spotify:playlist:0KIKHBXChX4m2MVm8qQk6N,Spotify,50
2008,3jibtPWLDXBK0OCJN6Ztsf,spotify:playlist:3jibtPWLDXBK0OCJN6Ztsf,Spotify,50
2009,1fLy5EE5473UueC82LvQub,spotify:playlist:1fLy5EE5473UueC82LvQub,Spotify,50
2010,2eCpwX876ZuWtIsZweYMnr,spotify:playlist:2eCpwX876ZuWtIsZweYMnr,Spotify,50
2011,0BXZJ6BiA151CzaMcTKPMN,spotify:playlist:0BXZJ6BiA151CzaMcTKPMN,Spotify,50
2012,7z2Wo5a21ENb24YGcEdoTE,spotify:playlist:7z2Wo5a21ENb24YGcEdoTE,Spotify,50
Dear Mama,3D8eZBmcXjAjFzUjYtrl6f,spotify:playlist:3D8eZBmcXjAjFzUjYtrl6f,Spotify,29
Top 100 tracks of 2014 - Sweden,23sHdrU9wnUTqYjHZQ101O,spotify:playlist:23sHdrU9wnUTqYjHZQ101O,Spotify,100
Joe Cocker,2rdMSQHM9YryNLPnEbQ7g6,spotify:playlist:2rdMSQHM9YryNLPnEbQ7g6,Spotify,47
Happy Birthday Cheryl!,7qLIVhpCFAiX1Teqf3L6Y4,spotify:playlist:7qLIVhpCFAiX1Teqf3L6Y4,Spotify,30
June 2,5PzDJIsyNnFxgu0t6Lf41G,spotify:playlist:5PzDJIsyNnFxgu0t6Lf41G,Spotify,40
May 20,7IwNlM5pdX8XWPyhMRhq64,spotify:playlist:7IwNlM5pdX8XWPyhMRhq64,Spotify,56
Grazia Daily: Summer 2013,2UwTnYkh7zZjMY6NEQdP95,spotify:playlist:2UwTnYkh7zZjMY6NEQdP95,Spotify,40
LSP,6cSrBkF4TPHetlU033IopA,spotify:playlist:6cSrBkF4TPHetlU033IopA,Spotify,197
Vogue Travel: The Sound of the Upper East Side,61T3llVc7dJDCZf1SR72c0,spotify:playlist:61T3llVc7dJDCZf1SR72c0,Spotify,28
POST,1OhJNFdK6FhLToiHmx7abI,spotify:playlist:1OhJNFdK6FhLToiHmx7abI,Spotify,42
Disclosure's Spotify Playlist,1npVCZGxmhbfhAyeDEqhwA,spotify:playlist:1npVCZGxmhbfhAyeDEqhwA,Spotify,22
The Roots of... Mumford & Sons,78Afk1ZdGIAwEG8s3hq49D,spotify:playlist:78Afk1ZdGIAwEG8s3hq49D,Spotify,28
June 10,1pARmsw0z4yebhBtZKxAU0,spotify:playlist:1pARmsw0z4yebhBtZKxAU0,Spotify,71
HAIM,5hINCaYWvVwzzLmhh4y11x,spotify:playlist:5hINCaYWvVwzzLmhh4y11x,Spotify,7
101_FTB,6llXb59kkj2STIMBcDobJT,spotify:playlist:6llXb59kkj2STIMBcDobJT,Spotify,37
Grazia Daily: The Best of Primavera,2ns4wV7T6X3vlCnzxYwagu,spotify:playlist:2ns4wV7T6X3vlCnzxYwagu,Spotify,15
braids,4fFfXVLYv59XIfPdUvMqKC,spotify:playlist:4fFfXVLYv59XIfPdUvMqKC,Spotify,27
XFM JUNE 26,31agQ1yW51tGsDIFZbAZMl,spotify:playlist:31agQ1yW51tGsDIFZbAZMl,Spotify,7
The Beach Boys: The Real Best Of...,1omLAKnMAhhkMSe2IGisUZ,spotify:playlist:1omLAKnMAhhkMSe2IGisUZ,Spotify,10
boys cast,0kfqBZx9obUKiLVDwTqGly,spotify:playlist:0kfqBZx9obUKiLVDwTqGly,Spotify,58
Happy Birthday George!,2G5Wlqt6clkHH2KFK2LS5Q,spotify:playlist:2G5Wlqt6clkHH2KFK2LS5Q,Spotify,24
Remembering 2Pac,6vpXSVefNo73POjhwyiWmu,spotify:playlist:6vpXSVefNo73POjhwyiWmu,Spotify,42
The Hot Sounds of 1926,3rMnCpY0WEROlje2b8Bjdn,spotify:playlist:3rMnCpY0WEROlje2b8Bjdn,Spotify,69
Happy Birthday Kanye!,45Cyxm3R3Gpn2upYrjcPbc,spotify:playlist:45Cyxm3R3Gpn2upYrjcPbc,Spotify,66
Mollie King ,0dVRyMERU2g9M4tWEfaD5B,spotify:playlist:0dVRyMERU2g9M4tWEfaD5B,Spotify,0
Happy Birthday Sir Tom!,5Ir6gs0eXKyPj3Qin8uEun,spotify:playlist:5Ir6gs0eXKyPj3Qin8uEun,Spotify,20
Happy Birthday Prince!,44uPoVqT6tOn5AphWVnSvu,spotify:playlist:44uPoVqT6tOn5AphWVnSvu,Spotify,46
Happy Birthday Joe Cocker,66uSq0mmMKat8vPRxsbmhp,spotify:playlist:66uSq0mmMKat8vPRxsbmhp,Spotify,10
Happy Birthday Mollie!,4njfFyb4EgzewhH9kTQuwN,spotify:playlist:4njfFyb4EgzewhH9kTQuwN,Spotify,17
"Congratulations, Sofia and Daniel",2vfyCK7WsXnVeItNwuiFFR,spotify:playlist:2vfyCK7WsXnVeItNwuiFFR,Spotify,30
Welcome Baby Kimye!,5zpAWvvDe0Q8TXjrgInIke,spotify:playlist:5zpAWvvDe0Q8TXjrgInIke,Spotify,24
The Roots of... Vampire Weekend,52FOMIrumGaNXnwKfrlAVf,spotify:playlist:52FOMIrumGaNXnwKfrlAVf,Spotify,29
PF,6kDXxWpyGJ2f7nQWQwOMBA,spotify:playlist:6kDXxWpyGJ2f7nQWQwOMBA,Spotify,166
Happy Birthday Nicole!,1dB0DjEsx9Gy0VG7Hmyc7Q,spotify:playlist:1dB0DjEsx9Gy0VG7Hmyc7Q,Spotify,27
JIRMP,6r0dNjQD0WUHKs1gpMvpLk,spotify:playlist:6r0dNjQD0WUHKs1gpMvpLk,Spotify,29
Happy Birthday Sir Paul!,3npIV1kNBTG2NHwBfv4t5H,spotify:playlist:3npIV1kNBTG2NHwBfv4t5H,Spotify,31
"Happy Birthday, Lionel",13WGZTkVyBhWCD2z7wSwe7,spotify:playlist:13WGZTkVyBhWCD2z7wSwe7,Spotify,35
Global Music Day,2EsohEQHsGn1LWNgOxnuoI,spotify:playlist:2EsohEQHsGn1LWNgOxnuoI,Spotify,61
Dub Zone,0qNxhUDMiSLrSdTCYD87qn,spotify:playlist:0qNxhUDMiSLrSdTCYD87qn,Spotify,23
Hats The Way I Like It: Ascot 2013,2hirOuzhv3EK3AgEV2nKZn,spotify:playlist:2hirOuzhv3EK3AgEV2nKZn,Spotify,15
Pink Floyd: Start Here,4SJ51ZOUgnrv5GjY1GCZAL,spotify:playlist:4SJ51ZOUgnrv5GjY1GCZAL,Spotify,10
RIP James Gandolfini,3l6cfhKgkSNxYydKiD9o4G,spotify:playlist:3l6cfhKgkSNxYydKiD9o4G,Spotify,36
Mountain Session,6LY1QKuuZv6rtPKsHJSsnF,spotify:playlist:6LY1QKuuZv6rtPKsHJSsnF,Spotify,46
Spotify Sessions,0tkdz9yYluhlxVE9BuJOPm,spotify:playlist:0tkdz9yYluhlxVE9BuJOPm,Spotify,397
Great Love Ballads,1YGlW3ovCv9Vek4CPnV0mZ,spotify:playlist:1YGlW3ovCv9Vek4CPnV0mZ,Spotify,41
Only Lovers Left Alive - Playlist by Jim Jarmusch and Carter Logan of SQÜRL,0YX4v2yeHtc1Dz43CYfZub,spotify:playlist:0YX4v2yeHtc1Dz43CYfZub,Spotify,11
CAZZETTE – Eject pt. I,1kPmmFOfrsEk7KzW46uo8m,spotify:playlist:1kPmmFOfrsEk7KzW46uo8m,Spotify,6
US Exclusives,3kNL4k3rmfGRfx577lL715,spotify:playlist:3kNL4k3rmfGRfx577lL715,Spotify,13
Nelson Mandela Tribute,7iUOaMP7iKI22rBNflBwjX,spotify:playlist:7iUOaMP7iKI22rBNflBwjX,Spotify,0
Spotify Global Discoveries,0aArwHugPhiiuaL8KxyVXQ,spotify:playlist:0aArwHugPhiiuaL8KxyVXQ,Spotify,105
Spotify Global Hits,4nInziu6O7lNV0ucn8w7YV,spotify:playlist:4nInziu6O7lNV0ucn8w7YV,Spotify,147
New Singles on Spotify,5JOn3LSfpbCrOQ7azB4S6C,spotify:playlist:5JOn3LSfpbCrOQ7azB4S6C,Spotify,80
Top Dads on Spotify,5lMXuhAFbG0xiAw0XiYKAP,spotify:playlist:5lMXuhAFbG0xiAw0XiYKAP,Spotify,10
Top Misquoted Song Lyrics,4nGMejqlEJh82huRHZ19cE,spotify:playlist:4nGMejqlEJh82huRHZ19cE,Spotify,10
Keep On Pushing: A Labour Playlist,6WHZXvb7hEN5w9VMFWPm1x,spotify:playlist:6WHZXvb7hEN5w9VMFWPm1x,Spotify,42
Top Tracks in Kids,5BQyCxfPfCno0PuTqkZUgb,spotify:playlist:5BQyCxfPfCno0PuTqkZUgb,Spotify,25
Top Tracks in Popculture,6dvI9YLz5JyXhoUo0eQJze,spotify:playlist:6dvI9YLz5JyXhoUo0eQJze,Spotify,55
Top Tracks in Travel,2Hg4Q2t6mD8PITWKAQCMFD,spotify:playlist:2Hg4Q2t6mD8PITWKAQCMFD,Spotify,25
Top Tracks in Workout,7s0efM9c1ZS427tw2B6wEF,spotify:playlist:7s0efM9c1ZS427tw2B6wEF,Spotify,25
Spotify House Thursday,6NjugpbMNtXAtbv3NIbb3j,spotify:playlist:6NjugpbMNtXAtbv3NIbb3j,Spotify,20
Walter - Dangerous,53yqWl4VM0iD34tl27ABhY,spotify:playlist:53yqWl4VM0iD34tl27ABhY,Spotify,30
Skyler - Strong,08ySLuUm0jMf7lJmFwqRMu,spotify:playlist:08ySLuUm0jMf7lJmFwqRMu,Spotify,30
Hank - Gutsy,2nRUp0P50ClCxPibGSfFcL,spotify:playlist:2nRUp0P50ClCxPibGSfFcL,Spotify,30
Jesse - Street Smart,10zBfLMB5ty2Pec5LYRcgI,spotify:playlist:10zBfLMB5ty2Pec5LYRcgI,Spotify,27
Marie - Sassy,423y0vzm6cfn0Q1o3JBUDR,spotify:playlist:423y0vzm6cfn0Q1o3JBUDR,Spotify,29
Walt Jr. - Innocent,7dRuhLsXe96SgjYtPvMEcL,spotify:playlist:7dRuhLsXe96SgjYtPvMEcL,Spotify,28
Metallica: The Early Years,056jpfChuMP5D1NMMaDXRR,spotify:playlist:056jpfChuMP5D1NMMaDXRR,Spotify,30
New Wave Of British Heavy Metal,7yza99mVQaqnk4Hqs4T3kq,spotify:playlist:7yza99mVQaqnk4Hqs4T3kq,Spotify,30
Year in Metal 2014,7buHbubC96caOTOSQQJ4pl,spotify:playlist:7buHbubC96caOTOSQQJ4pl,Spotify,116
We Love Elmo!,2KSySxa7iudjK0IsgFxuaW,spotify:playlist:2KSySxa7iudjK0IsgFxuaW,Spotify,15
Lost the Game? Drown Your Sorrows,5sFZ3M4gXeYScR9VJTyBh2,spotify:playlist:5sFZ3M4gXeYScR9VJTyBh2,Spotify,23
Austin Pops,15wD5DzfOIRx7QnJKDLtav,spotify:playlist:15wD5DzfOIRx7QnJKDLtav,Spotify,62
Austin After Dark,50l7KMPuO1jMnpofYHCwV1,spotify:playlist:50l7KMPuO1jMnpofYHCwV1,Spotify,41
Punkcake,2Ky26QAfAYo2Zdlo8MqcdH,spotify:playlist:2Ky26QAfAYo2Zdlo8MqcdH,Spotify,20
The Life Eclectic,35HteeTTB5NE0hsliZ77H1,spotify:playlist:35HteeTTB5NE0hsliZ77H1,Spotify,63
Evening Serenades,2zlFpwRI7aroWy0ecv6O34,spotify:playlist:2zlFpwRI7aroWy0ecv6O34,Spotify,181
Flex & Flow,2idQpnxeioGlOsW66uaQ3U,spotify:playlist:2idQpnxeioGlOsW66uaQ3U,Spotify,23
Workday – Zen,1oDFttzXiLUJLjMyulUugY,spotify:playlist:1oDFttzXiLUJLjMyulUugY,Spotify,75
Keep it Low Key,26AgqJwDHB7p2SKJFHrtte,spotify:playlist:26AgqJwDHB7p2SKJFHrtte,Spotify,27
Classical Café,0Tn4EK4iKI58XnvWHuMMm0,spotify:playlist:0Tn4EK4iKI58XnvWHuMMm0,Spotify,59
The Grove,5H22bACwDGRsIQQyE9oy3I,spotify:playlist:5H22bACwDGRsIQQyE9oy3I,Spotify,25
Fresh Jazz | The New Vanguard,1Htq6RhM8B9MgMXdwqgPxW,spotify:playlist:1Htq6RhM8B9MgMXdwqgPxW,Spotify,45
Get Lifted,6jbGdICAmvGjlURC1gcgRe,spotify:playlist:6jbGdICAmvGjlURC1gcgRe,Spotify,30
Jazz on the Rocks,6juf9A1KL8naPZFa2YngsM,spotify:playlist:6juf9A1KL8naPZFa2YngsM,Spotify,25
#SundayFunday,5cdRxEiQmawJaraYYEF7Di,spotify:playlist:5cdRxEiQmawJaraYYEF7Di,Spotify,53
#FlashbackFriday,2dWfCGZguakRQagX7wM6Mi,spotify:playlist:2dWfCGZguakRQagX7wM6Mi,Spotify,50
Amped up.,0kVaFpvoi0O4IbyJyEZckU,spotify:playlist:0kVaFpvoi0O4IbyJyEZckU,Spotify,182
The New Standards,5ahhg3aywppGeJs8tXvZOo,spotify:playlist:5ahhg3aywppGeJs8tXvZOo,Spotify,25
Up & Out,2udwObkzQEPQWbUi95SzGM,spotify:playlist:2udwObkzQEPQWbUi95SzGM,Spotify,22
Take it Easy,3vnx7BaCl3YmHrg3WGLedp,spotify:playlist:3vnx7BaCl3YmHrg3WGLedp,Spotify,95
Britfolk,5XyoROE7WrTHtvcwFrhzO1,spotify:playlist:5XyoROE7WrTHtvcwFrhzO1,Spotify,15
Morning Rituals,7iJKTAmd5aP1opVYLB3XJ4,spotify:playlist:7iJKTAmd5aP1opVYLB3XJ4,Spotify,51
#MakeitHappen,5sty33UvgJZzeyfocoOaUV,spotify:playlist:5sty33UvgJZzeyfocoOaUV,Spotify,30
Singing in the Shower...,5LtwydYUv9Um4D2toY3Wzh,spotify:playlist:5LtwydYUv9Um4D2toY3Wzh,Spotify,41
Vintage Blues Folk,6zcjhNUkQ6taQK9hxhweCj,spotify:playlist:6zcjhNUkQ6taQK9hxhweCj,Spotify,48
Indie Ballads,0aXP5u51kHZiKvxkUPq0IL,spotify:playlist:0aXP5u51kHZiKvxkUPq0IL,Spotify,57
Barista Blend,25zEHXJzEQZU1eyF6eqEzD,spotify:playlist:25zEHXJzEQZU1eyF6eqEzD,Spotify,65
Bring Back the 2000s,5baU2nNxC8ag8XzlHNsANg,spotify:playlist:5baU2nNxC8ag8XzlHNsANg,Spotify,75
World Folk,0ByLkBLDx1AS5yXJuBTyCd,spotify:playlist:0ByLkBLDx1AS5yXJuBTyCd,Spotify,36
Indie One Stop,6OeIIMFsdtsL9VUyL6PDvX,spotify:playlist:6OeIIMFsdtsL9VUyL6PDvX,Spotify,50
Beat Down Your Morning,4qstWgP2KMRSiTY3a1fF2R,spotify:playlist:4qstWgP2KMRSiTY3a1fF2R,Spotify,22
Wicked Wives Wine Party ,2EcSH9oZNzBmGDNqoTdvBJ,spotify:playlist:2EcSH9oZNzBmGDNqoTdvBJ,Spotify,53
#Hotmess,2Rah43YvyO765e4gACIDef,spotify:playlist:2Rah43YvyO765e4gACIDef,Spotify,24
Ultimate Live Jams,5bjjHyKeiGnYdupfr3UUCW,spotify:playlist:5bjjHyKeiGnYdupfr3UUCW,Spotify,43
Stories for your Inner Child,5TQKebIP2y3YGxoklr72aV,spotify:playlist:5TQKebIP2y3YGxoklr72aV,Spotify,56
Beyond the Music,01WIu4Rst0xeZnTunWxUL7,spotify:playlist:01WIu4Rst0xeZnTunWxUL7,Spotify,65
FriendsGiving,7a80QjnKAMnZu5Lx50INeh,spotify:playlist:7a80QjnKAMnZu5Lx50INeh,Spotify,35
Bellini's Opera,1M2abQkxCwrLjzLGgKWnDP,spotify:playlist:1M2abQkxCwrLjzLGgKWnDP,Spotify,500
"Red, White, & Blue",3kt5kS8Xqjfh8olOS24HX4,spotify:playlist:3kt5kS8Xqjfh8olOS24HX4,Spotify,35
50 Songs for Snow,4sEKPcBYLcW3woDviiaigj,spotify:playlist:4sEKPcBYLcW3woDviiaigj,Spotify,50
It's a Boy!,3KP0xIq8NrTP7BV2YhpHT5,spotify:playlist:3KP0xIq8NrTP7BV2YhpHT5,Spotify,23
It's a Girl!,52rJQYDn9Q5dufvGPqqzgf,spotify:playlist:52rJQYDn9Q5dufvGPqqzgf,Spotify,25
Graduation,5pxi1UkDk0BbUPDTPjmi4v,spotify:playlist:5pxi1UkDk0BbUPDTPjmi4v,Spotify,40
Music Happens Here: The Music,4se8FxjaBGTHCTXIPoJlc0,spotify:playlist:4se8FxjaBGTHCTXIPoJlc0,Spotify,23
Best of 2016: Ultimate Indie,1517hhPIVwA9EN41krpZo3,spotify:playlist:1517hhPIVwA9EN41krpZo3,Spotify,50
The 2016 AMAs,0tdTsuJmnf6cRE22DMcgIq,spotify:playlist:0tdTsuJmnf6cRE22DMcgIq,Spotify,35
Classic Soul With Seth Rogen,6GZ9F4MZpPdHJEwhq3kHKG,spotify:playlist:6GZ9F4MZpPdHJEwhq3kHKG,Spotify,41
Top Gaming Tracks: One Year Together,2FmMinHNFfX3Apt34AwEqc,spotify:playlist:2FmMinHNFfX3Apt34AwEqc,Spotify,100
Moving Castle Monthly,0NKCe5F0ORuDO4sPmqhvcQ,spotify:playlist:0NKCe5F0ORuDO4sPmqhvcQ,Moving Castle,83
,4A01B3wh6uv7yOpzYdVLR3,spotify:playlist:4A01B3wh6uv7yOpzYdVLR3,beatteamsupreme,40
Bread & Dub,4drXxn0GpOXXG6Rp5RvXca,spotify:playlist:4drXxn0GpOXXG6Rp5RvXca,Spotify,25
The Blues Skies,070FVPBKvfu6M5tf4I9rt2,spotify:playlist:070FVPBKvfu6M5tf4I9rt2,Spotify,30
It Only Takes Two,5McngUiuALFIS4VVF4oko5,spotify:playlist:5McngUiuALFIS4VVF4oko5,Spotify,37
Historic Venue: Ryman Auditorium,2lOMjzyPMlcIvcaWlaF6MB,spotify:playlist:2lOMjzyPMlcIvcaWlaF6MB,Spotify,26
Vocal Acrobats,2JskSjr3Rl0LAv05L0hjV4,spotify:playlist:2JskSjr3Rl0LAv05L0hjV4,Spotify,25
Macy's Thanksgiving Day Parade 2013,0TmNZR8QmL60k1gWWa37fg,spotify:playlist:0TmNZR8QmL60k1gWWa37fg,Spotify,28
Austin Sounds,2d96NZvM6U7G14LDQdNfwS,spotify:playlist:2d96NZvM6U7G14LDQdNfwS,Spotify,41
Sunset in Austin,1MXbpQ8OiNsYtQxiXexPJ7,spotify:playlist:1MXbpQ8OiNsYtQxiXexPJ7,Spotify,44
Kanye To The,6Sz7KT9MhChZuAJDKEWiLF,spotify:playlist:6Sz7KT9MhChZuAJDKEWiLF,Spotify,40
Found Them First,3sJ6SlgRo56Oa7YhHcLK5l,spotify:playlist:3sJ6SlgRo56Oa7YhHcLK5l,Spotify,20
New Year's 2015,2FjbiwWYHqEifO3VY5LYP8,spotify:playlist:2FjbiwWYHqEifO3VY5LYP8,Spotify,41
A Bite Out Of The Afternoon,3uDgik1xOhjYVsXucW7GEb,spotify:playlist:3uDgik1xOhjYVsXucW7GEb,Spotify,23
Girls Night Out,1Bxi8UJlVM7tLYDMOqsYYF,spotify:playlist:1Bxi8UJlVM7tLYDMOqsYYF,Spotify,48
Power Hour,7wiCMbRM2F6PQYGLwnJ7GJ,spotify:playlist:7wiCMbRM2F6PQYGLwnJ7GJ,Spotify,38
Let Loose,3Nh594yQ7PkhEPzUUAKlnH,spotify:playlist:3Nh594yQ7PkhEPzUUAKlnH,Spotify,65
Foam Party,3L1KIXcFcHhfeMlf7pD7IB,spotify:playlist:3L1KIXcFcHhfeMlf7pD7IB,Spotify,67
An Epic Evening,6wz9sFJRqsmu7ldv0xJOIz,spotify:playlist:6wz9sFJRqsmu7ldv0xJOIz,Spotify,25
Falling In Love,08vPKM3pmoyF6crB2EtASQ,spotify:playlist:08vPKM3pmoyF6crB2EtASQ,Spotify,33
Early Morning Rise,68oeNrImf1nxjL0RbpZkij,spotify:playlist:68oeNrImf1nxjL0RbpZkij,Spotify,27
Backstage,5qVqzAenJiKLfRny06XQf0,spotify:playlist:5qVqzAenJiKLfRny06XQf0,Spotify,100
Bullet for Hell,1RKtKRcejWjN6ZOkghImIV,spotify:playlist:1RKtKRcejWjN6ZOkghImIV,Spotify,20
Grand Hustle Gang Spotify Picks,4C0S1zvtcMtk2notLxCL1J,spotify:playlist:4C0S1zvtcMtk2notLxCL1J,Spotify,41
MMG Spotify Picks,2nZndNnauO6SID8cjf4C9F,spotify:playlist:2nZndNnauO6SID8cjf4C9F,Spotify,40
Shady Records Spotify Picks,3hR94iGaotWbCFv5eDe0gZ,spotify:playlist:3hR94iGaotWbCFv5eDe0gZ,Spotify,41
Taylor Gang Spotify Picks,5VvCwhF9WqXKUaJLtJfeXn,spotify:playlist:5VvCwhF9WqXKUaJLtJfeXn,Spotify,28
country 90's,6SGM9ZiMSfayAmJMNFlX2u,spotify:playlist:6SGM9ZiMSfayAmJMNFlX2u,Spotify,50
Hours of Ours,54LbSpjd64NjKPUyYAGkNU,spotify:playlist:54LbSpjd64NjKPUyYAGkNU,Spotify,23
Walk a Country Mile,4p3lupatTubTWpTgCZjgpk,spotify:playlist:4p3lupatTubTWpTgCZjgpk,Spotify,20
Honeysuckle Lazy,6tLfPD2P9syvBV8rgO2Yq1,spotify:playlist:6tLfPD2P9syvBV8rgO2Yq1,Spotify,20
On to Something Good,3FfBohQXFlgFnYubzrvoq4,spotify:playlist:3FfBohQXFlgFnYubzrvoq4,Spotify,20
Back to the Roots,1S4JPQeJxtsN37X8as5EPk,spotify:playlist:1S4JPQeJxtsN37X8as5EPk,Spotify,49
Beer 'n Burgers,7CHrwiytyubNpnaZqyyUkb,spotify:playlist:7CHrwiytyubNpnaZqyyUkb,Spotify,21
Bossa Nova,4LmOnbOmtMUyQQjo6L9mct,spotify:playlist:4LmOnbOmtMUyQQjo6L9mct,Spotify,41
King of Pop,653U7cDBXXkPZ07Xk8kxL6,spotify:playlist:653U7cDBXXkPZ07Xk8kxL6,Spotify,27
The Jazz Escape,7hjaw2oDqkMS2uDk5vmzAu,spotify:playlist:7hjaw2oDqkMS2uDk5vmzAu,Spotify,50
Workday - Country,6MtNKlWguIlTJ6Q7WAcDtU,spotify:playlist:6MtNKlWguIlTJ6Q7WAcDtU,Spotify,181
Workday - Singer-songwriter,3TurM2x1HaeNEztqBnomV6,spotify:playlist:3TurM2x1HaeNEztqBnomV6,Spotify,123
Tunigo Live,5rqcJUB5ox8BK3L3Ki7gfF,spotify:playlist:5rqcJUB5ox8BK3L3Ki7gfF,Spotify,12
Top Picks Toplists,4lCv0oN3gPxoqvXmA3cDjS,spotify:playlist:4lCv0oN3gPxoqvXmA3cDjS,Spotify,20
Top Picks Pop,3xGWOQUB6jgHd4PLVQvbfG,spotify:playlist:3xGWOQUB6jgHd4PLVQvbfG,Spotify,20
Top Picks Decades,0q2dbyUyAuUkW3ec6XRwJD,spotify:playlist:0q2dbyUyAuUkW3ec6XRwJD,Spotify,20
Top Picks Workout,45mRKVQrL1pK9tbRp25yro,spotify:playlist:45mRKVQrL1pK9tbRp25yro,Spotify,20
Top Picks Mood,1EQVvrXxgoWdqUHni1LOgm,spotify:playlist:1EQVvrXxgoWdqUHni1LOgm,Spotify,20
Top Picks Kids,4ruhrP9ntTdDMpjrk22v9u,spotify:playlist:4ruhrP9ntTdDMpjrk22v9u,Spotify,20
Top Picks Classical,3jh9R9uXIoozPA0uccJt2C,spotify:playlist:3jh9R9uXIoozPA0uccJt2C,Spotify,20
Top Picks Pop Culture,5QZZbWjNVjynssxTuO3f0f,spotify:playlist:5QZZbWjNVjynssxTuO3f0f,Spotify,20
Top Picks Party,2WIkzIBRwM9wRD9innJ8b7,spotify:playlist:2WIkzIBRwM9wRD9innJ8b7,Spotify,20
Top Picks Chill,2b5yd7Ox7vb4OcPOOVYwFZ,spotify:playlist:2b5yd7Ox7vb4OcPOOVYwFZ,Spotify,20
Top Picks Urban,6spPs4oxQEPSWXyXzqg8CR,spotify:playlist:6spPs4oxQEPSWXyXzqg8CR,Spotify,20
Top Picks Club,285xVjuyHG2CusStdc8kCS,spotify:playlist:285xVjuyHG2CusStdc8kCS,Spotify,20
Top Picks Country,7hx7ugiU2MaeXOjQRVDzdk,spotify:playlist:7hx7ugiU2MaeXOjQRVDzdk,Spotify,20
Top Picks Events,2Mecjd64RGHE4vLDMuX88V,spotify:playlist:2Mecjd64RGHE4vLDMuX88V,Spotify,20
Top Picks Groove,38ZGEwSsiHoOEOu446h75W,spotify:playlist:38ZGEwSsiHoOEOu446h75W,Spotify,20
Top Picks Rock,5QOzTki17fEWKoUVcvTrI2,spotify:playlist:5QOzTki17fEWKoUVcvTrI2,Spotify,20
Top Picks Romance,4tSzT9BRuf3qRJDbPz4SlS,spotify:playlist:4tSzT9BRuf3qRJDbPz4SlS,Spotify,21
Top Picks Jazz and Blues,5LrQkRUFFuKWAJCECd2X9y,spotify:playlist:5LrQkRUFFuKWAJCECd2X9y,Spotify,20
Top Picks Travel,4NAi06Izmj4CPqmMuY1RsE,spotify:playlist:4NAi06Izmj4CPqmMuY1RsE,Spotify,20
Top Picks holiday,4uLnCAHJw65SyFXXmBSuc0,spotify:playlist:4uLnCAHJw65SyFXXmBSuc0,Spotify,20
Undiscovered bands,2ZMfoURN2ZwapN17Yb5d1k,spotify:playlist:2ZMfoURN2ZwapN17Yb5d1k,franke!,937
Women of Sweden,2EaYMuzaVSdPjJOqg77E2E,spotify:playlist:2EaYMuzaVSdPjJOqg77E2E,Spotify,100
Kvinnor att ha koll på 2014,1m6DKwKNM1YLcm3OX6RzJg,spotify:playlist:1m6DKwKNM1YLcm3OX6RzJg,Spotify,63
38 Great Female Duets,1xAmEtLT8c17IisGUa1f4M,spotify:playlist:1xAmEtLT8c17IisGUa1f4M,Spotify,38
Best of Boybands and Girl Groups,7oTMBMLu6EI4l163C9fkhg,spotify:playlist:7oTMBMLu6EI4l163C9fkhg,Spotify,41
Johnossi,5MkJ5KSzz4wmCpIFvM6pFT,spotify:playlist:5MkJ5KSzz4wmCpIFvM6pFT,Spotify,10
Håkan Hellström,2CTBt2glXb1wEzUa6wCbWU,spotify:playlist:2CTBt2glXb1wEzUa6wCbWU,Spotify,10
Rodriguez,52JrW4dL2mDe1Dneq0vH1I,spotify:playlist:52JrW4dL2mDe1Dneq0vH1I,Spotify,10
Of Monsters and Men,4pL8YJw0ts5YcpxEgl1LiL,spotify:playlist:4pL8YJw0ts5YcpxEgl1LiL,Spotify,10
Alicia Keys,3zxOlGe8vWwQA8eLRXBqTY,spotify:playlist:3zxOlGe8vWwQA8eLRXBqTY,Spotify,10
Daniel Adams-Ray,6c51ZkUk7wO3Icy2sW3jvA,spotify:playlist:6c51ZkUk7wO3Icy2sW3jvA,Spotify,10
Kendrick Lamar,4lwqQxljF1Rge3X4eMzdza,spotify:playlist:4lwqQxljF1Rge3X4eMzdza,Spotify,10
Disclosure,5grxWts6M4gvPZFrWSNOBl,spotify:playlist:5grxWts6M4gvPZFrWSNOBl,Spotify,10
Miguel,67zOV0qxT0TT8JEHZDCBDd,spotify:playlist:67zOV0qxT0TT8JEHZDCBDd,Spotify,10
Welcome Home,0LqjAibgbS9ep32zZrDcAN,spotify:playlist:0LqjAibgbS9ep32zZrDcAN,Spotify,70
Kids B-day Party,6PzNMpCPMDMo1pOUjNhDUC,spotify:playlist:6PzNMpCPMDMo1pOUjNhDUC,Spotify,45
Walk The Dog,2mADaSxlIcxRDSG9e9vLlh,spotify:playlist:2mADaSxlIcxRDSG9e9vLlh,Spotify,35
Tagga För OS,0uZg7go8TKu5hpv1L6CJ4y,spotify:playlist:0uZg7go8TKu5hpv1L6CJ4y,Spotify,51
Commuter Flow (That Fire For Your Aux Cord),5wPUMOWXlhmk9XmGO4RtKz,spotify:playlist:5wPUMOWXlhmk9XmGO4RtKz,Spotify,40
Annorlunda Kärlekslåtar,1cddSHoeIrE3m0i8TqYNbn,spotify:playlist:1cddSHoeIrE3m0i8TqYNbn,Spotify,75
Fuck Valentine!,5Dn14a8hNIhT3NLLjUUBGL,spotify:playlist:5Dn14a8hNIhT3NLLjUUBGL,Spotify,74
Valentine anger,1apRF10Iufr0NBBiF1u7E5,spotify:playlist:1apRF10Iufr0NBBiF1u7E5,Spotify,38
Det är så tråkigt och trist utan dig,7qeSmszUjRBWOwHzlxfEXt,spotify:playlist:7qeSmszUjRBWOwHzlxfEXt,Spotify,26
Inget är större än KÄRLEKEN,2PMlGn5a2jxukdhCYQyQvG,spotify:playlist:2PMlGn5a2jxukdhCYQyQvG,Spotify,23
Folk & Rock 200 favoriter,3cC0Hnr7idCemR4JxOh2lI,spotify:playlist:3cC0Hnr7idCemR4JxOh2lI,Spotify,200
The Critics Choice 2012,24HEIuw8etbkitpDCxZ1dQ,spotify:playlist:24HEIuw8etbkitpDCxZ1dQ,Spotify,61
EM Fotboll 2012,0NYlvGXveeyvhb5G80LPtA,spotify:playlist:0NYlvGXveeyvhb5G80LPtA,Spotify,33
Way Out West 2013,2IBmQa3jJULanJldYav1jW,spotify:playlist:2IBmQa3jJULanJldYav1jW,Spotify,18
Sweden Rock 2013,3PNltrHQaYdqO0FdTAZ3wB,spotify:playlist:3PNltrHQaYdqO0FdTAZ3wB,Spotify,60
Metaltown 2013,7LxjY6mdINPgSVhILU2nk6,spotify:playlist:7LxjY6mdINPgSVhILU2nk6,Spotify,22
Hultsfred 2013,0pTJgTL7GIhxto5z35Rfwu,spotify:playlist:0pTJgTL7GIhxto5z35Rfwu,Spotify,39
Putte i Parken 2013,3JqYduMX06DjhsJRBG4kN5,spotify:playlist:3JqYduMX06DjhsJRBG4kN5,Spotify,11
Getaway Rock 2013,4ftQXs8PU4QMqPLMaJG7QT,spotify:playlist:4ftQXs8PU4QMqPLMaJG7QT,Spotify,29
Bråvalla Festival 2013,74Wbo0ObpdSDnCIGvEDHOk,spotify:playlist:74Wbo0ObpdSDnCIGvEDHOk,Spotify,41
Peace & Love 2013,5Q9dGaDLzwijaWkI4yFfSk,spotify:playlist:5Q9dGaDLzwijaWkI4yFfSk,Spotify,45
Sonisphere,2fC7gpl3V9MmCc8gBPHc66,spotify:playlist:2fC7gpl3V9MmCc8gBPHc66,Spotify,851
Gainsville Stockholm 2012,6ClBNzH2PMh2jvkEuSFBFJ,spotify:playlist:6ClBNzH2PMh2jvkEuSFBFJ,Spotify,10
Ystad Sweden Jazzfestival 2012,0DH66SG2vZ7dIocTxxA5q9,spotify:playlist:0DH66SG2vZ7dIocTxxA5q9,Spotify,32
Storsjöyran 2012,2XQnLAZo27gz7VGRBl34l9,spotify:playlist:2XQnLAZo27gz7VGRBl34l9,Spotify,61
Emmaboda 2012,4muFXNJjmJvLWdHmx0PKYO,spotify:playlist:4muFXNJjmJvLWdHmx0PKYO,Spotify,48
Stockholm Music & Arts 2012,6lrsZHHFL65pjpDcjv6sFi,spotify:playlist:6lrsZHHFL65pjpDcjv6sFi,Spotify,32
Popaganda 2012,0mJut6QO3dUUAOJlBPujT1,spotify:playlist:0mJut6QO3dUUAOJlBPujT1,Spotify,22
Metaltown 2012,6cSO5pHOCQxoEiXYDPa3Uq,spotify:playlist:6cSO5pHOCQxoEiXYDPa3Uq,Spotify,45
Urkult 2012,7b1rMSnmiYfj8nH8spIjxF,spotify:playlist:7b1rMSnmiYfj8nH8spIjxF,Spotify,18
Sweden Rock Festival 2012,2xxkK8eaOyM6JRhHOheZBZ,spotify:playlist:2xxkK8eaOyM6JRhHOheZBZ,Spotify,75
Hultsfred 2012,26yS4HN010lrCBBlCbjF2b,spotify:playlist:26yS4HN010lrCBBlCbjF2b,Spotify,93
Putte i parken 2012,5eRHTcvWyEU0MEzNOiR2j1,spotify:playlist:5eRHTcvWyEU0MEzNOiR2j1,Spotify,79
Getaway Rock 2012,4mM7tVGeVv4dOFPTlftofk,spotify:playlist:4mM7tVGeVv4dOFPTlftofk,Spotify,71
Peace & Love 2012,7DcfXNVB5WpzYwCkqBaVDx,spotify:playlist:7DcfXNVB5WpzYwCkqBaVDx,Spotify,159
Sveriges Nationaldag,33eWAE7F4bBUAjGtJVtCYB,spotify:playlist:33eWAE7F4bBUAjGtJVtCYB,Spotify,41
New year's eve by Icona Pop,3ukqAcaahACMyRzpkwHXew,spotify:playlist:3ukqAcaahACMyRzpkwHXew,Spotify,16
Swing in the New Year,5zyeLrOc31CPX7uk9xNL7y,spotify:playlist:5zyeLrOc31CPX7uk9xNL7y,Spotify,20
Alternative New Year's Eve,214Nwj78JwTfjSeQxbGxeX,spotify:playlist:214Nwj78JwTfjSeQxbGxeX,Spotify,28
Raw Expression,3yUO32lGCEnAfFGORSEsy4,spotify:playlist:3yUO32lGCEnAfFGORSEsy4,Spotify,42
Intervju med Seinabo Sey,2k9EArKbf7N3QUmuNJHSo8,spotify:playlist:2k9EArKbf7N3QUmuNJHSo8,Spotify,3
The official Bråvalla Festival playlist 2017,5sk53m6HgZorO1RDUkaiIZ,spotify:playlist:5sk53m6HgZorO1RDUkaiIZ,Bråvalla Festival,159
International Playboy,73boXMJz9iBoXxQVFZ94r5,spotify:playlist:73boXMJz9iBoXxQVFZ94r5,Spotify,23
National Blood Week,2y74Ha0ztRUcIYmqITh0D4,spotify:playlist:2y74Ha0ztRUcIYmqITh0D4,Spotify,25
Most Listened To British Dads on Spotify,1k9jG0FUp7BcrAF1MZSabO,spotify:playlist:1k9jG0FUp7BcrAF1MZSabO,Spotify,20
dw-c,5ji4GZJpll6twskFvKxiHx,spotify:playlist:5ji4GZJpll6twskFvKxiHx,Spotify,50
dw_g,40VxbK9NqccdUDUpiUXmbp,spotify:playlist:40VxbK9NqccdUDUpiUXmbp,Spotify,30
Top Shower Songs,0RTz1jFo5BXGPfI8eVf8sj,spotify:playlist:0RTz1jFo5BXGPfI8eVf8sj,Spotify,100
foodora dinner playlist,4lgseztVwmKQ8MNETPVIny,spotify:playlist:4lgseztVwmKQ8MNETPVIny,Spotify,25
